{
    "acc": [
        [
            1,
            0.3
        ],
        [
            2,
            0.16666666666666666
        ],
        [
            3,
            0.06666666666666667
        ],
        [
            4,
            0.16666666666666666
        ],
        [
            5,
            0.3333333333333333
        ],
        [
            6,
            0.06666666666666667
        ],
        [
            7,
            0.2
        ],
        [
            8,
            0.1
        ],
        [
            9,
            0.23333333333333334
        ],
        [
            10,
            0.13333333333333333
        ],
        [
            11,
            0.36666666666666664
        ]
    ],
    "cost": [
        [
            6,
            8549045
        ],
        [
            6,
            8549045
        ],
        [
            6,
            8549045
        ],
        [
            7,
            2825070
        ],
        [
            7,
            2825070
        ],
        [
            7,
            2825070
        ],
        [
            8,
            2825070
        ],
        [
            8,
            2825070
        ],
        [
            8,
            2825070
        ],
        [
            9,
            2825070
        ],
        [
            9,
            2825070
        ],
        [
            9,
            2825070
        ],
        [
            10,
            2825070
        ],
        [
            10,
            2825070
        ],
        [
            10,
            2825070
        ]
    ]
}